sample	name	taxonomy_id	taxonomy_lvl	kraken_assigned_reads	added_reads	new_est_reads	fraction_total_reads
SRR6145059	Actinobacteria	1760	C	1047	0	1047	0.71811
SRR6145059	Betaproteobacteria	28216	C	353	0	353	0.24211
SRR6145059	Mammalia	40674	C	32	0	32	0.02195
SRR6145059	Gammaproteobacteria	1236	C	19	-1	18	0.01235
SRR6145059	Bacilli	91061	C	4	0	4	0.00274
SRR6145059	Papovaviricetes	2732421	C	4	-1	3	0.00206
SRR6145059	Deinococci	188787	C	1	0	1	0.00069
