sample	name	taxonomy_id	taxonomy_lvl	kraken_assigned_reads	added_reads	new_est_reads	fraction_total_reads
SRR6145060	Eukaryota	2759	D	6039591	2789	6042380	0.79620
SRR6145060	Bacteria	2	D	1529597	9764	1539361	0.20284
SRR6145060	Viruses	10239	D	3967	1191	5158	0.00068
SRR6145060	Archaea	2157	D	2142	-11	2131	0.00028
