sample	name	taxonomy_id	taxonomy_lvl	kraken_assigned_reads	added_reads	new_est_reads	fraction_total_reads
SRR6145059	Eukaryota	2759	D	5310201	3274	5313475	0.63250
SRR6145059	Bacteria	2	D	3062950	16046	3078996	0.36651
SRR6145059	Viruses	10239	D	5544	535	6079	0.00072
SRR6145059	Archaea	2157	D	2230	-2	2228	0.00027
