sample	name	taxonomy_id	taxonomy_lvl	kraken_assigned_reads	added_reads	new_est_reads	fraction_total_reads
SRR6145058	Eukaryota	2759	D	7868181	4955	7873136	0.86056
SRR6145058	Bacteria	2	D	1248358	14715	1263073	0.13806
SRR6145058	Viruses	10239	D	4290	7334	11624	0.00127
SRR6145058	Archaea	2157	D	996	-4	992	0.00011
